Series Name,Series Code,Country Name,Country Code,2024 [YR2024]
Total greenhouse gas emissions excluding LULUCF (Mt CO2e),EN.GHG.ALL.MT.CE.AR5,Afghanistan,AFG,33.0348
Total greenhouse gas emissions excluding LULUCF (Mt CO2e),EN.GHG.ALL.MT.CE.AR5,Albania,ALB,7.1243
Total greenhouse gas emissions excluding LULUCF (Mt CO2e),EN.GHG.ALL.MT.CE.AR5,Algeria,DZA,252.7
Total greenhouse gas emissions excluding LULUCF (Mt CO2e),EN.GHG.ALL.MT.CE.AR5,American Samoa,ASM,0.0089
Total greenhouse gas emissions excluding LULUCF (Mt CO2e),EN.GHG.ALL.MT.CE.AR5,Andorra,AND,..
Total greenhouse gas emissions excluding LULUCF (Mt CO2e),EN.GHG.ALL.MT.CE.AR5,Angola,AGO,69.9229
Total greenhouse gas emissions excluding LULUCF (Mt CO2e),EN.GHG.ALL.MT.CE.AR5,Antigua and Barbuda,ATG,0.4269
Total greenhouse gas emissions excluding LULUCF (Mt CO2e),EN.GHG.ALL.MT.CE.AR5,Argentina,ARG,374.3446
Total greenhouse gas emissions excluding LULUCF (Mt CO2e),EN.GHG.ALL.MT.CE.AR5,Armenia,ARM,10.7806
Total greenhouse gas emissions excluding LULUCF (Mt CO2e),EN.GHG.ALL.MT.CE.AR5,Aruba,ABW,0.5887
Total greenhouse gas emissions excluding LULUCF (Mt CO2e),EN.GHG.ALL.MT.CE.AR5,Australia,AUS,591.454
Total greenhouse gas emissions excluding LULUCF (Mt CO2e),EN.GHG.ALL.MT.CE.AR5,Austria,AUT,70.9999
Total greenhouse gas emissions excluding LULUCF (Mt CO2e),EN.GHG.ALL.MT.CE.AR5,Azerbaijan,AZE,58.2798
Total greenhouse gas emissions excluding LULUCF (Mt CO2e),EN.GHG.ALL.MT.CE.AR5,"Bahamas, The",BHS,1.8439
Total greenhouse gas emissions excluding LULUCF (Mt CO2e),EN.GHG.ALL.MT.CE.AR5,Bahrain,BHR,64.4222
Total greenhouse gas emissions excluding LULUCF (Mt CO2e),EN.GHG.ALL.MT.CE.AR5,Bangladesh,BGD,220.8267
Total greenhouse gas emissions excluding LULUCF (Mt CO2e),EN.GHG.ALL.MT.CE.AR5,Barbados,BRB,0.9121
Total greenhouse gas emissions excluding LULUCF (Mt CO2e),EN.GHG.ALL.MT.CE.AR5,Belarus,BLR,87.4914
Total greenhouse gas emissions excluding LULUCF (Mt CO2e),EN.GHG.ALL.MT.CE.AR5,Belgium,BEL,107.824
Total greenhouse gas emissions excluding LULUCF (Mt CO2e),EN.GHG.ALL.MT.CE.AR5,Belize,BLZ,1.0347
Total greenhouse gas emissions excluding LULUCF (Mt CO2e),EN.GHG.ALL.MT.CE.AR5,Benin,BEN,17.7671
Total greenhouse gas emissions excluding LULUCF (Mt CO2e),EN.GHG.ALL.MT.CE.AR5,Bermuda,BMU,0.3057
Total greenhouse gas emissions excluding LULUCF (Mt CO2e),EN.GHG.ALL.MT.CE.AR5,Bhutan,BTN,2.8063
Total greenhouse gas emissions excluding LULUCF (Mt CO2e),EN.GHG.ALL.MT.CE.AR5,Bolivia,BOL,63.7572
Total greenhouse gas emissions excluding LULUCF (Mt CO2e),EN.GHG.ALL.MT.CE.AR5,Bosnia and Herzegovina,BIH,27.6267
Total greenhouse gas emissions excluding LULUCF (Mt CO2e),EN.GHG.ALL.MT.CE.AR5,Botswana,BWA,12.0977
Total greenhouse gas emissions excluding LULUCF (Mt CO2e),EN.GHG.ALL.MT.CE.AR5,Brazil,BRA,1299.1802
Total greenhouse gas emissions excluding LULUCF (Mt CO2e),EN.GHG.ALL.MT.CE.AR5,British Virgin Islands,VGB,0.1083
Total greenhouse gas emissions excluding LULUCF (Mt CO2e),EN.GHG.ALL.MT.CE.AR5,Brunei Darussalam,BRN,11.8655
Total greenhouse gas emissions excluding LULUCF (Mt CO2e),EN.GHG.ALL.MT.CE.AR5,Bulgaria,BGR,46.6766
Total greenhouse gas emissions excluding LULUCF (Mt CO2e),EN.GHG.ALL.MT.CE.AR5,Burkina Faso,BFA,34.9177
Total greenhouse gas emissions excluding LULUCF (Mt CO2e),EN.GHG.ALL.MT.CE.AR5,Burundi,BDI,8.4217
Total greenhouse gas emissions excluding LULUCF (Mt CO2e),EN.GHG.ALL.MT.CE.AR5,Cabo Verde,CPV,0.9126
Total greenhouse gas emissions excluding LULUCF (Mt CO2e),EN.GHG.ALL.MT.CE.AR5,Cambodia,KHM,49.8348
Total greenhouse gas emissions excluding LULUCF (Mt CO2e),EN.GHG.ALL.MT.CE.AR5,Cameroon,CMR,40.6219
Total greenhouse gas emissions excluding LULUCF (Mt CO2e),EN.GHG.ALL.MT.CE.AR5,Canada,CAN,768.0589
Total greenhouse gas emissions excluding LULUCF (Mt CO2e),EN.GHG.ALL.MT.CE.AR5,Cayman Islands,CYM,0.4059
Total greenhouse gas emissions excluding LULUCF (Mt CO2e),EN.GHG.ALL.MT.CE.AR5,Central African Republic,CAF,13.4443
Total greenhouse gas emissions excluding LULUCF (Mt CO2e),EN.GHG.ALL.MT.CE.AR5,Chad,TCD,101.1738
Total greenhouse gas emissions excluding LULUCF (Mt CO2e),EN.GHG.ALL.MT.CE.AR5,Channel Islands,CHI,..
Total greenhouse gas emissions excluding LULUCF (Mt CO2e),EN.GHG.ALL.MT.CE.AR5,Chile,CHL,118.1209
Total greenhouse gas emissions excluding LULUCF (Mt CO2e),EN.GHG.ALL.MT.CE.AR5,China,CHN,15536.1217
Total greenhouse gas emissions excluding LULUCF (Mt CO2e),EN.GHG.ALL.MT.CE.AR5,Colombia,COL,217.5857
Total greenhouse gas emissions excluding LULUCF (Mt CO2e),EN.GHG.ALL.MT.CE.AR5,Comoros,COM,0.9494
Total greenhouse gas emissions excluding LULUCF (Mt CO2e),EN.GHG.ALL.MT.CE.AR5,"Congo, Dem. Rep.",COD,58.4917
Total greenhouse gas emissions excluding LULUCF (Mt CO2e),EN.GHG.ALL.MT.CE.AR5,"Congo, Rep.",COG,24.623
Total greenhouse gas emissions excluding LULUCF (Mt CO2e),EN.GHG.ALL.MT.CE.AR5,Costa Rica,CRI,17.0769
Total greenhouse gas emissions excluding LULUCF (Mt CO2e),EN.GHG.ALL.MT.CE.AR5,Cote d'Ivoire,CIV,38.0267
Total greenhouse gas emissions excluding LULUCF (Mt CO2e),EN.GHG.ALL.MT.CE.AR5,Croatia,HRV,26.8418
Total greenhouse gas emissions excluding LULUCF (Mt CO2e),EN.GHG.ALL.MT.CE.AR5,Cuba,CUB,35.9857
Total greenhouse gas emissions excluding LULUCF (Mt CO2e),EN.GHG.ALL.MT.CE.AR5,Curacao,CUW,..
Total greenhouse gas emissions excluding LULUCF (Mt CO2e),EN.GHG.ALL.MT.CE.AR5,Cyprus,CYP,9.3432
Total greenhouse gas emissions excluding LULUCF (Mt CO2e),EN.GHG.ALL.MT.CE.AR5,Czechia,CZE,100.3792
Total greenhouse gas emissions excluding LULUCF (Mt CO2e),EN.GHG.ALL.MT.CE.AR5,Denmark,DNK,38.2646
Total greenhouse gas emissions excluding LULUCF (Mt CO2e),EN.GHG.ALL.MT.CE.AR5,Djibouti,DJI,2.4173
Total greenhouse gas emissions excluding LULUCF (Mt CO2e),EN.GHG.ALL.MT.CE.AR5,Dominica,DMA,0.1524
Total greenhouse gas emissions excluding LULUCF (Mt CO2e),EN.GHG.ALL.MT.CE.AR5,Dominican Republic,DOM,51.5808
Total greenhouse gas emissions excluding LULUCF (Mt CO2e),EN.GHG.ALL.MT.CE.AR5,Ecuador,ECU,74.4086
Total greenhouse gas emissions excluding LULUCF (Mt CO2e),EN.GHG.ALL.MT.CE.AR5,"Egypt, Arab Rep.",EGY,386.5982
Total greenhouse gas emissions excluding LULUCF (Mt CO2e),EN.GHG.ALL.MT.CE.AR5,El Salvador,SLV,14.7516
Total greenhouse gas emissions excluding LULUCF (Mt CO2e),EN.GHG.ALL.MT.CE.AR5,Equatorial Guinea,GNQ,8.1387
Total greenhouse gas emissions excluding LULUCF (Mt CO2e),EN.GHG.ALL.MT.CE.AR5,Eritrea,ERI,6.5793
Total greenhouse gas emissions excluding LULUCF (Mt CO2e),EN.GHG.ALL.MT.CE.AR5,Estonia,EST,14.1292
Total greenhouse gas emissions excluding LULUCF (Mt CO2e),EN.GHG.ALL.MT.CE.AR5,Eswatini,SWZ,2.9298
Total greenhouse gas emissions excluding LULUCF (Mt CO2e),EN.GHG.ALL.MT.CE.AR5,Ethiopia,ETH,192.704
Total greenhouse gas emissions excluding LULUCF (Mt CO2e),EN.GHG.ALL.MT.CE.AR5,Faroe Islands,FRO,0.0966
Total greenhouse gas emissions excluding LULUCF (Mt CO2e),EN.GHG.ALL.MT.CE.AR5,Fiji,FJI,2.7509
Total greenhouse gas emissions excluding LULUCF (Mt CO2e),EN.GHG.ALL.MT.CE.AR5,Finland,FIN,48.679
Total greenhouse gas emissions excluding LULUCF (Mt CO2e),EN.GHG.ALL.MT.CE.AR5,France,FRA,378.1202
Total greenhouse gas emissions excluding LULUCF (Mt CO2e),EN.GHG.ALL.MT.CE.AR5,French Polynesia,PYF,1.081
Total greenhouse gas emissions excluding LULUCF (Mt CO2e),EN.GHG.ALL.MT.CE.AR5,Gabon,GAB,21.782
Total greenhouse gas emissions excluding LULUCF (Mt CO2e),EN.GHG.ALL.MT.CE.AR5,"Gambia, The",GMB,1.8595
Total greenhouse gas emissions excluding LULUCF (Mt CO2e),EN.GHG.ALL.MT.CE.AR5,Georgia,GEO,19.6028
Total greenhouse gas emissions excluding LULUCF (Mt CO2e),EN.GHG.ALL.MT.CE.AR5,Germany,DEU,674.3583
Total greenhouse gas emissions excluding LULUCF (Mt CO2e),EN.GHG.ALL.MT.CE.AR5,Ghana,GHA,48.0939
Total greenhouse gas emissions excluding LULUCF (Mt CO2e),EN.GHG.ALL.MT.CE.AR5,Gibraltar,GIB,0.6589
Total greenhouse gas emissions excluding LULUCF (Mt CO2e),EN.GHG.ALL.MT.CE.AR5,Greece,GRC,71.5001
Total greenhouse gas emissions excluding LULUCF (Mt CO2e),EN.GHG.ALL.MT.CE.AR5,Greenland,GRL,0.6593
Total greenhouse gas emissions excluding LULUCF (Mt CO2e),EN.GHG.ALL.MT.CE.AR5,Grenada,GRD,0.241
Total greenhouse gas emissions excluding LULUCF (Mt CO2e),EN.GHG.ALL.MT.CE.AR5,Guam,GUM,0.018
Total greenhouse gas emissions excluding LULUCF (Mt CO2e),EN.GHG.ALL.MT.CE.AR5,Guatemala,GTM,43.4722
Total greenhouse gas emissions excluding LULUCF (Mt CO2e),EN.GHG.ALL.MT.CE.AR5,Guinea,GIN,29.3759
Total greenhouse gas emissions excluding LULUCF (Mt CO2e),EN.GHG.ALL.MT.CE.AR5,Guinea-Bissau,GNB,3.1886
Total greenhouse gas emissions excluding LULUCF (Mt CO2e),EN.GHG.ALL.MT.CE.AR5,Guyana,GUY,8.7309
Total greenhouse gas emissions excluding LULUCF (Mt CO2e),EN.GHG.ALL.MT.CE.AR5,Haiti,HTI,13.7823
Total greenhouse gas emissions excluding LULUCF (Mt CO2e),EN.GHG.ALL.MT.CE.AR5,Honduras,HND,24.3871
Total greenhouse gas emissions excluding LULUCF (Mt CO2e),EN.GHG.ALL.MT.CE.AR5,"Hong Kong SAR, China",HKG,40.3071
Total greenhouse gas emissions excluding LULUCF (Mt CO2e),EN.GHG.ALL.MT.CE.AR5,Hungary,HUN,60.4529
Total greenhouse gas emissions excluding LULUCF (Mt CO2e),EN.GHG.ALL.MT.CE.AR5,Iceland,ISL,4.2824
Total greenhouse gas emissions excluding LULUCF (Mt CO2e),EN.GHG.ALL.MT.CE.AR5,India,IND,4371.1693
Total greenhouse gas emissions excluding LULUCF (Mt CO2e),EN.GHG.ALL.MT.CE.AR5,Indonesia,IDN,1323.7779
Total greenhouse gas emissions excluding LULUCF (Mt CO2e),EN.GHG.ALL.MT.CE.AR5,"Iran, Islamic Rep.",IRN,1054.7651
Total greenhouse gas emissions excluding LULUCF (Mt CO2e),EN.GHG.ALL.MT.CE.AR5,Iraq,IRQ,413.2764
Total greenhouse gas emissions excluding LULUCF (Mt CO2e),EN.GHG.ALL.MT.CE.AR5,Ireland,IRL,59.6778
Total greenhouse gas emissions excluding LULUCF (Mt CO2e),EN.GHG.ALL.MT.CE.AR5,Isle of Man,IMN,..
Total greenhouse gas emissions excluding LULUCF (Mt CO2e),EN.GHG.ALL.MT.CE.AR5,Israel,ISR,76.6207
Total greenhouse gas emissions excluding LULUCF (Mt CO2e),EN.GHG.ALL.MT.CE.AR5,Italy,ITA,371.1717
Total greenhouse gas emissions excluding LULUCF (Mt CO2e),EN.GHG.ALL.MT.CE.AR5,Jamaica,JAM,9.4247
Total greenhouse gas emissions excluding LULUCF (Mt CO2e),EN.GHG.ALL.MT.CE.AR5,Japan,JPN,1063.3358
Total greenhouse gas emissions excluding LULUCF (Mt CO2e),EN.GHG.ALL.MT.CE.AR5,Jordan,JOR,34.8557
Total greenhouse gas emissions excluding LULUCF (Mt CO2e),EN.GHG.ALL.MT.CE.AR5,Kazakhstan,KAZ,330.3933
Total greenhouse gas emissions excluding LULUCF (Mt CO2e),EN.GHG.ALL.MT.CE.AR5,Kenya,KEN,102.8362
Total greenhouse gas emissions excluding LULUCF (Mt CO2e),EN.GHG.ALL.MT.CE.AR5,Kiribati,KIR,0.1152
Total greenhouse gas emissions excluding LULUCF (Mt CO2e),EN.GHG.ALL.MT.CE.AR5,"Korea, Dem. People's Rep.",PRK,91.2518
Total greenhouse gas emissions excluding LULUCF (Mt CO2e),EN.GHG.ALL.MT.CE.AR5,"Korea, Rep.",KOR,668.2453
Total greenhouse gas emissions excluding LULUCF (Mt CO2e),EN.GHG.ALL.MT.CE.AR5,Kosovo,XKX,..
Total greenhouse gas emissions excluding LULUCF (Mt CO2e),EN.GHG.ALL.MT.CE.AR5,Kuwait,KWT,173.3307
Total greenhouse gas emissions excluding LULUCF (Mt CO2e),EN.GHG.ALL.MT.CE.AR5,Kyrgyz Republic,KGZ,22.369
Total greenhouse gas emissions excluding LULUCF (Mt CO2e),EN.GHG.ALL.MT.CE.AR5,Lao PDR,LAO,41.5496
Total greenhouse gas emissions excluding LULUCF (Mt CO2e),EN.GHG.ALL.MT.CE.AR5,Latvia,LVA,11.6424
Total greenhouse gas emissions excluding LULUCF (Mt CO2e),EN.GHG.ALL.MT.CE.AR5,Lebanon,LBN,18.7863
Total greenhouse gas emissions excluding LULUCF (Mt CO2e),EN.GHG.ALL.MT.CE.AR5,Lesotho,LSO,3.055
Total greenhouse gas emissions excluding LULUCF (Mt CO2e),EN.GHG.ALL.MT.CE.AR5,Liberia,LBR,4.4599
Total greenhouse gas emissions excluding LULUCF (Mt CO2e),EN.GHG.ALL.MT.CE.AR5,Libya,LBY,98.1709
Total greenhouse gas emissions excluding LULUCF (Mt CO2e),EN.GHG.ALL.MT.CE.AR5,Liechtenstein,LIE,..
Total greenhouse gas emissions excluding LULUCF (Mt CO2e),EN.GHG.ALL.MT.CE.AR5,Lithuania,LTU,21.5357
Total greenhouse gas emissions excluding LULUCF (Mt CO2e),EN.GHG.ALL.MT.CE.AR5,Luxembourg,LUX,8.0537
Total greenhouse gas emissions excluding LULUCF (Mt CO2e),EN.GHG.ALL.MT.CE.AR5,"Macao SAR, China",MAC,1.8201
Total greenhouse gas emissions excluding LULUCF (Mt CO2e),EN.GHG.ALL.MT.CE.AR5,Madagascar,MDG,35.79
Total greenhouse gas emissions excluding LULUCF (Mt CO2e),EN.GHG.ALL.MT.CE.AR5,Malawi,MWI,19.0236
Total greenhouse gas emissions excluding LULUCF (Mt CO2e),EN.GHG.ALL.MT.CE.AR5,Malaysia,MYS,332.1668
Total greenhouse gas emissions excluding LULUCF (Mt CO2e),EN.GHG.ALL.MT.CE.AR5,Maldives,MDV,2.0934
Total greenhouse gas emissions excluding LULUCF (Mt CO2e),EN.GHG.ALL.MT.CE.AR5,Mali,MLI,48.0085
Total greenhouse gas emissions excluding LULUCF (Mt CO2e),EN.GHG.ALL.MT.CE.AR5,Malta,MLT,2.2436
Total greenhouse gas emissions excluding LULUCF (Mt CO2e),EN.GHG.ALL.MT.CE.AR5,Marshall Islands,MHL,0.004
Total greenhouse gas emissions excluding LULUCF (Mt CO2e),EN.GHG.ALL.MT.CE.AR5,Mauritania,MRT,17.5086
Total greenhouse gas emissions excluding LULUCF (Mt CO2e),EN.GHG.ALL.MT.CE.AR5,Mauritius,MUS,6.4716
Total greenhouse gas emissions excluding LULUCF (Mt CO2e),EN.GHG.ALL.MT.CE.AR5,Mexico,MEX,686.7794
Total greenhouse gas emissions excluding LULUCF (Mt CO2e),EN.GHG.ALL.MT.CE.AR5,"Micronesia, Fed. Sts.",FSM,0.0614
Total greenhouse gas emissions excluding LULUCF (Mt CO2e),EN.GHG.ALL.MT.CE.AR5,Moldova,MDA,11.6583
Total greenhouse gas emissions excluding LULUCF (Mt CO2e),EN.GHG.ALL.MT.CE.AR5,Monaco,MCO,..
Total greenhouse gas emissions excluding LULUCF (Mt CO2e),EN.GHG.ALL.MT.CE.AR5,Mongolia,MNG,104.355
Total greenhouse gas emissions excluding LULUCF (Mt CO2e),EN.GHG.ALL.MT.CE.AR5,Montenegro,MNE,..
Total greenhouse gas emissions excluding LULUCF (Mt CO2e),EN.GHG.ALL.MT.CE.AR5,Morocco,MAR,108.7364
Total greenhouse gas emissions excluding LULUCF (Mt CO2e),EN.GHG.ALL.MT.CE.AR5,Mozambique,MOZ,33.6256
Total greenhouse gas emissions excluding LULUCF (Mt CO2e),EN.GHG.ALL.MT.CE.AR5,Myanmar,MMR,117.7875
Total greenhouse gas emissions excluding LULUCF (Mt CO2e),EN.GHG.ALL.MT.CE.AR5,Namibia,NAM,14.2121
Total greenhouse gas emissions excluding LULUCF (Mt CO2e),EN.GHG.ALL.MT.CE.AR5,Nauru,NRU,0.0014
Total greenhouse gas emissions excluding LULUCF (Mt CO2e),EN.GHG.ALL.MT.CE.AR5,Nepal,NPL,41.4682
Total greenhouse gas emissions excluding LULUCF (Mt CO2e),EN.GHG.ALL.MT.CE.AR5,Netherlands,NLD,145.0067
Total greenhouse gas emissions excluding LULUCF (Mt CO2e),EN.GHG.ALL.MT.CE.AR5,New Caledonia,NCL,5.3816
Total greenhouse gas emissions excluding LULUCF (Mt CO2e),EN.GHG.ALL.MT.CE.AR5,New Zealand,NZL,77.8374
Total greenhouse gas emissions excluding LULUCF (Mt CO2e),EN.GHG.ALL.MT.CE.AR5,Nicaragua,NIC,19.1586
Total greenhouse gas emissions excluding LULUCF (Mt CO2e),EN.GHG.ALL.MT.CE.AR5,Niger,NER,41.1461
Total greenhouse gas emissions excluding LULUCF (Mt CO2e),EN.GHG.ALL.MT.CE.AR5,Nigeria,NGA,350.5554
Total greenhouse gas emissions excluding LULUCF (Mt CO2e),EN.GHG.ALL.MT.CE.AR5,North Macedonia,MKD,9.8121
Total greenhouse gas emissions excluding LULUCF (Mt CO2e),EN.GHG.ALL.MT.CE.AR5,Northern Mariana Islands,MNP,0.0041
Total greenhouse gas emissions excluding LULUCF (Mt CO2e),EN.GHG.ALL.MT.CE.AR5,Norway,NOR,53.7596
Total greenhouse gas emissions excluding LULUCF (Mt CO2e),EN.GHG.ALL.MT.CE.AR5,Oman,OMN,132.2647
Total greenhouse gas emissions excluding LULUCF (Mt CO2e),EN.GHG.ALL.MT.CE.AR5,Pakistan,PAK,525.8825
Total greenhouse gas emissions excluding LULUCF (Mt CO2e),EN.GHG.ALL.MT.CE.AR5,Palau,PLW,1.5338
Total greenhouse gas emissions excluding LULUCF (Mt CO2e),EN.GHG.ALL.MT.CE.AR5,Panama,PAN,19.218
Total greenhouse gas emissions excluding LULUCF (Mt CO2e),EN.GHG.ALL.MT.CE.AR5,Papua New Guinea,PNG,10.7611
Total greenhouse gas emissions excluding LULUCF (Mt CO2e),EN.GHG.ALL.MT.CE.AR5,Paraguay,PRY,41.442
Total greenhouse gas emissions excluding LULUCF (Mt CO2e),EN.GHG.ALL.MT.CE.AR5,Peru,PER,103.813
Total greenhouse gas emissions excluding LULUCF (Mt CO2e),EN.GHG.ALL.MT.CE.AR5,Philippines,PHL,266.5973
Total greenhouse gas emissions excluding LULUCF (Mt CO2e),EN.GHG.ALL.MT.CE.AR5,Poland,POL,348.195
Total greenhouse gas emissions excluding LULUCF (Mt CO2e),EN.GHG.ALL.MT.CE.AR5,Portugal,PRT,53.1696
Total greenhouse gas emissions excluding LULUCF (Mt CO2e),EN.GHG.ALL.MT.CE.AR5,Puerto Rico (US),PRI,17.6165
Total greenhouse gas emissions excluding LULUCF (Mt CO2e),EN.GHG.ALL.MT.CE.AR5,Qatar,QAT,162.7447
Total greenhouse gas emissions excluding LULUCF (Mt CO2e),EN.GHG.ALL.MT.CE.AR5,Romania,ROU,101.8576
Total greenhouse gas emissions excluding LULUCF (Mt CO2e),EN.GHG.ALL.MT.CE.AR5,Russian Federation,RUS,2575.6548
Total greenhouse gas emissions excluding LULUCF (Mt CO2e),EN.GHG.ALL.MT.CE.AR5,Rwanda,RWA,8.3499
Total greenhouse gas emissions excluding LULUCF (Mt CO2e),EN.GHG.ALL.MT.CE.AR5,Samoa,WSM,0.5216
Total greenhouse gas emissions excluding LULUCF (Mt CO2e),EN.GHG.ALL.MT.CE.AR5,San Marino,SMR,..
Total greenhouse gas emissions excluding LULUCF (Mt CO2e),EN.GHG.ALL.MT.CE.AR5,Sao Tome and Principe,STP,0.2455
Total greenhouse gas emissions excluding LULUCF (Mt CO2e),EN.GHG.ALL.MT.CE.AR5,Saudi Arabia,SAU,838.8766
Total greenhouse gas emissions excluding LULUCF (Mt CO2e),EN.GHG.ALL.MT.CE.AR5,Senegal,SEN,31.7206
Total greenhouse gas emissions excluding LULUCF (Mt CO2e),EN.GHG.ALL.MT.CE.AR5,Serbia,SRB,..
Total greenhouse gas emissions excluding LULUCF (Mt CO2e),EN.GHG.ALL.MT.CE.AR5,Seychelles,SYC,0.9764
Total greenhouse gas emissions excluding LULUCF (Mt CO2e),EN.GHG.ALL.MT.CE.AR5,Sierra Leone,SLE,7.9285
Total greenhouse gas emissions excluding LULUCF (Mt CO2e),EN.GHG.ALL.MT.CE.AR5,Singapore,SGP,76.0928
Total greenhouse gas emissions excluding LULUCF (Mt CO2e),EN.GHG.ALL.MT.CE.AR5,Sint Maarten (Dutch part),SXM,..
Total greenhouse gas emissions excluding LULUCF (Mt CO2e),EN.GHG.ALL.MT.CE.AR5,Slovak Republic,SVK,39.0008
Total greenhouse gas emissions excluding LULUCF (Mt CO2e),EN.GHG.ALL.MT.CE.AR5,Slovenia,SVN,17.3369
Total greenhouse gas emissions excluding LULUCF (Mt CO2e),EN.GHG.ALL.MT.CE.AR5,Solomon Islands,SLB,0.6198
Total greenhouse gas emissions excluding LULUCF (Mt CO2e),EN.GHG.ALL.MT.CE.AR5,"Somalia, Fed. Rep.",SOM,34.4169
Total greenhouse gas emissions excluding LULUCF (Mt CO2e),EN.GHG.ALL.MT.CE.AR5,South Africa,ZAF,569.8096
Total greenhouse gas emissions excluding LULUCF (Mt CO2e),EN.GHG.ALL.MT.CE.AR5,South Sudan,SSD,..
Total greenhouse gas emissions excluding LULUCF (Mt CO2e),EN.GHG.ALL.MT.CE.AR5,Spain,ESP,285.6383
Total greenhouse gas emissions excluding LULUCF (Mt CO2e),EN.GHG.ALL.MT.CE.AR5,Sri Lanka,LKA,37.1665
Total greenhouse gas emissions excluding LULUCF (Mt CO2e),EN.GHG.ALL.MT.CE.AR5,St. Kitts and Nevis,KNA,0.1855
Total greenhouse gas emissions excluding LULUCF (Mt CO2e),EN.GHG.ALL.MT.CE.AR5,St. Lucia,LCA,0.4685
Total greenhouse gas emissions excluding LULUCF (Mt CO2e),EN.GHG.ALL.MT.CE.AR5,St. Martin (French part),MAF,..
Total greenhouse gas emissions excluding LULUCF (Mt CO2e),EN.GHG.ALL.MT.CE.AR5,St. Vincent and the Grenadines,VCT,0.1852
Total greenhouse gas emissions excluding LULUCF (Mt CO2e),EN.GHG.ALL.MT.CE.AR5,Sudan,SDN,138.702
Total greenhouse gas emissions excluding LULUCF (Mt CO2e),EN.GHG.ALL.MT.CE.AR5,Suriname,SUR,3.6666
Total greenhouse gas emissions excluding LULUCF (Mt CO2e),EN.GHG.ALL.MT.CE.AR5,Sweden,SWE,52.5658
Total greenhouse gas emissions excluding LULUCF (Mt CO2e),EN.GHG.ALL.MT.CE.AR5,Switzerland,CHE,42.9924
Total greenhouse gas emissions excluding LULUCF (Mt CO2e),EN.GHG.ALL.MT.CE.AR5,Syrian Arab Republic,SYR,47.1656
Total greenhouse gas emissions excluding LULUCF (Mt CO2e),EN.GHG.ALL.MT.CE.AR5,Tajikistan,TJK,22.189
Total greenhouse gas emissions excluding LULUCF (Mt CO2e),EN.GHG.ALL.MT.CE.AR5,Tanzania,TZA,102.525
Total greenhouse gas emissions excluding LULUCF (Mt CO2e),EN.GHG.ALL.MT.CE.AR5,Thailand,THA,422.3873
Total greenhouse gas emissions excluding LULUCF (Mt CO2e),EN.GHG.ALL.MT.CE.AR5,Timor-Leste,TLS,1.9401
Total greenhouse gas emissions excluding LULUCF (Mt CO2e),EN.GHG.ALL.MT.CE.AR5,Togo,TGO,10.8443
Total greenhouse gas emissions excluding LULUCF (Mt CO2e),EN.GHG.ALL.MT.CE.AR5,Tonga,TON,0.2929
Total greenhouse gas emissions excluding LULUCF (Mt CO2e),EN.GHG.ALL.MT.CE.AR5,Trinidad and Tobago,TTO,33.5866
Total greenhouse gas emissions excluding LULUCF (Mt CO2e),EN.GHG.ALL.MT.CE.AR5,Tunisia,TUN,44.621
Total greenhouse gas emissions excluding LULUCF (Mt CO2e),EN.GHG.ALL.MT.CE.AR5,Turkiye,TUR,579.5068
Total greenhouse gas emissions excluding LULUCF (Mt CO2e),EN.GHG.ALL.MT.CE.AR5,Turkmenistan,TKM,114.8122
Total greenhouse gas emissions excluding LULUCF (Mt CO2e),EN.GHG.ALL.MT.CE.AR5,Turks and Caicos Islands,TCA,0.2378
Total greenhouse gas emissions excluding LULUCF (Mt CO2e),EN.GHG.ALL.MT.CE.AR5,Tuvalu,TUV,0.0041
Total greenhouse gas emissions excluding LULUCF (Mt CO2e),EN.GHG.ALL.MT.CE.AR5,Uganda,UGA,57.2982
Total greenhouse gas emissions excluding LULUCF (Mt CO2e),EN.GHG.ALL.MT.CE.AR5,Ukraine,UKR,196.964
Total greenhouse gas emissions excluding LULUCF (Mt CO2e),EN.GHG.ALL.MT.CE.AR5,United Arab Emirates,ARE,264.1484
Total greenhouse gas emissions excluding LULUCF (Mt CO2e),EN.GHG.ALL.MT.CE.AR5,United Kingdom,GBR,386.6957
Total greenhouse gas emissions excluding LULUCF (Mt CO2e),EN.GHG.ALL.MT.CE.AR5,United States,USA,5912.6177
Total greenhouse gas emissions excluding LULUCF (Mt CO2e),EN.GHG.ALL.MT.CE.AR5,Uruguay,URY,44.6271
Total greenhouse gas emissions excluding LULUCF (Mt CO2e),EN.GHG.ALL.MT.CE.AR5,Uzbekistan,UZB,227.4884
Total greenhouse gas emissions excluding LULUCF (Mt CO2e),EN.GHG.ALL.MT.CE.AR5,Vanuatu,VUT,0.6321
Total greenhouse gas emissions excluding LULUCF (Mt CO2e),EN.GHG.ALL.MT.CE.AR5,"Venezuela, RB",VEN,167.3184
Total greenhouse gas emissions excluding LULUCF (Mt CO2e),EN.GHG.ALL.MT.CE.AR5,Viet Nam,VNM,584.2576
Total greenhouse gas emissions excluding LULUCF (Mt CO2e),EN.GHG.ALL.MT.CE.AR5,Virgin Islands (U.S.),VIR,0.0245
Total greenhouse gas emissions excluding LULUCF (Mt CO2e),EN.GHG.ALL.MT.CE.AR5,West Bank and Gaza,PSE,..
Total greenhouse gas emissions excluding LULUCF (Mt CO2e),EN.GHG.ALL.MT.CE.AR5,"Yemen, Rep.",YEM,32.9028
Total greenhouse gas emissions excluding LULUCF (Mt CO2e),EN.GHG.ALL.MT.CE.AR5,Zambia,ZMB,38.519
Total greenhouse gas emissions excluding LULUCF (Mt CO2e),EN.GHG.ALL.MT.CE.AR5,Zimbabwe,ZWE,30.7843
,,,,
,,,,
,,,,
Data from database: World Development Indicators,,,,
Last Updated: 04/08/2026,,,,
